application|creation_date|version
Beat Maker Go - Make Music|2018-07-27|Version 2.2.2 
Beat Maker Go - Make Music|2018-07-26|Version 2.2.1 
Beat Maker Go - Make Music|2018-05-24|Version 2.1 
Beat Maker Go - Make Music|2018-05-07|Version 2.0 
Beat Maker Go - Make Music|2018-04-05|Version 1.19.5 
Beat Maker Go - Make Music|2018-04-03|Version 1.19.4 
Beat Maker Go - Make Music|2018-03-28|Version 1.19.3 
Beat Maker Go - Make Music|2018-03-23|Version 1.19.2 
Beat Maker Go - Make Music|2018-03-20|Version 1.19.1 
Beat Maker Go - Make Music|2017-12-07|Version 1.14 
Beat Maker Go - Make Music|2017-11-23|Version 1.13 
Beat Maker Go - Make Music|2017-10-24|Version 1.12.2 
Beat Maker Go - Make Music|2017-10-21|Version 1.12.1 
Beat Maker Go - Make Music|2017-10-21|Version 1.12 
Beat Maker Go - Make Music|2017-10-09|Version 1.11 
Beat Maker Go - Make Music|2017-09-25|Version 1.10.1 
Beat Maker Go - Make Music|2017-09-20|Version 1.10 
Beat Maker Go - Make Music|2017-08-30|Version 1.8 
Beat Maker Star - Rhythm Game|2018-07-07|Version 1.0.1 
Beat Maker Star - Rhythm Game|2018-06-30|Version 1.0 
Chromatic Guitar Tuner Free: Ukulele, Bass, Violin|2018-04-02|Version 2.4.9 
Chromatic Guitar Tuner Free: Ukulele, Bass, Violin|2018-03-27|Version 2.4.8 
Chromatic Guitar Tuner Free: Ukulele, Bass, Violin|2017-07-11|Version 2.4.8 
Drum Pads - Beat Maker Go|2018-07-31|Version 1.7.3 
Drum Pads - Beat Maker Go|2018-07-30|Version 1.6 
Drum Pads - Beat Maker Go|2018-07-27|Version 1.6 
Drum Pads - Beat Maker Go|2018-07-26|Version 1.6 
Drum Pads - Beat Maker Go|2018-06-29|Version 1.6 
Drum Pads - Beat Maker Go|2018-06-21|Version 1.5 
Drum Pads - Beat Maker Go|2018-06-19|Version 1.4 
Drum Pads - Beat Maker Go|2018-05-30|Version 1.4 
Drum Pads - Beat Maker Go|2018-05-29|Version 1.3.1 
Drum Pads - Beat Maker Go|2018-05-09|Version 1.3.1 
Drum Pads - Beat Maker Go|2018-05-07|Version 1.2 
Drum Pads - Beat Maker Go|2018-04-26|Version 1.2 
Drum Pads - Beat Maker Go|2018-04-25|Version 1.1.1 
Drum Pads - Beat Maker Go|2018-04-13|Version 1.1.1 
Drum Pads - Beat Maker Go|2018-04-12|Version 1.0.4 
Drum Pads - Beat Maker Go|2018-04-11|Version 1.0.4 
Drum Pads - Beat Maker Go|2018-03-16|Version 1.0.4 
Drum Pads - Beat Maker Go|2018-03-15|Version 1.0.4 
Drum Pads - Beat Maker Go|2018-03-13|Version 1.0.3 
Drum Pads - Beat Maker Go|2018-03-12|Version 1.0.2 
Drum Pads - Beat Maker Go|2018-03-06|Version 1.0.2 
Drum Pads - Beat Maker Go|2018-03-05|Version 1.0.1 
Drum Pads - Beat Maker Go|2018-03-02|Version 1.0 
Guitar - Chords, Tabs & Games|2018-06-27|Version 3.9.6 
Guitar - Chords, Tabs & Games|2018-06-16|Version 3.9.4 
Guitar - Chords, Tabs & Games|2018-06-12|Version 3.9.3 
Guitar - Chords, Tabs & Games|2018-05-27|Version 3.9.2 
Guitar - Chords, Tabs & Games|2018-05-19|Version 3.9.1 
Guitar - Chords, Tabs & Games|2018-05-15|Version 3.9 
Guitar - Chords, Tabs & Games|2018-05-12|Version 3.8 
Guitar - Chords, Tabs & Games|2017-12-31|Version 3.7 
Guitar - Chords, Tabs & Games|2017-11-23|Version 3.6.2 
Guitar - Chords, Tabs & Games|2017-10-31|Version 3.6.1 
Guitar - Chords, Tabs & Games|2017-09-08|Version 3.5.10 
Guitar - Chords, Tabs & Games|2017-07-21|Version 3.5.9 
Guitar Tuner - Ukulele & Bass|2018-07-24|Version 3.2 
Guitar Tuner - Ukulele & Bass|2018-06-19|Version 3.1.6 
Guitar Tuner - Ukulele & Bass|2018-06-13|Version 3.1.5 
Guitar Tuner - Ukulele & Bass|2018-02-28|Version 3.1.4 
Guitar Tuner - Ukulele & Bass|2018-02-23|Version 3.1.3 
Guitar Tuner - Ukulele & Bass|2018-02-14|Version 3.1.2 
Guitar Tuner - Ukulele & Bass|2017-12-19|Version 3.1.1 
Guitar Tuner - Ukulele & Bass|2017-12-09|Version 3.1 
Guitar Tuner - Ukulele & Bass|2017-11-01|Version 3.0.2 
Guitar Tuner - Ukulele & Bass|2017-10-05|Version 3.0.1 
Guitar Tuner - Ukulele & Bass|2017-09-25|Version 3.0 
Karaoke - Sing Songs, Lyrics|2018-07-24|Version 1.5 
Karaoke - Sing Songs, Lyrics|2018-06-26|Version 1.4 
Karaoke - Sing Songs, Lyrics|2018-06-10|Version 1.3 
Karaoke - Sing Songs, Lyrics|2018-05-01|Version 1.2 
Karaoke - Sing Songs, Lyrics|2018-04-09|Version 1.1 
Karaoke - Sing Songs, Lyrics|2018-03-21|Version 1.0 
Metronome - BPM & Tap Tempo|2018-07-11|Version 3.0.6 
Metronome - BPM & Tap Tempo|2018-06-30|Version 3.0.5 
Metronome - BPM & Tap Tempo|2018-06-16|Version 3.0.4 
Metronome - BPM & Tap Tempo|2018-06-07|Version 3.0.3 
Metronome - BPM & Tap Tempo|2018-05-23|Version 3.0.2 
Metronome - BPM & Tap Tempo|2018-04-29|Version 3.0.1 
Metronome - BPM & Tap Tempo|2017-12-21|Version 2.9 
Metronome - BPM & Tap Tempo|2017-12-01|Version 2.8.8 
Metronome - BPM & Tap Tempo|2017-10-26|Version 2.8.7 
Piano - Play Magic Tiles Games|2018-07-18|Version 1.35 
Piano - Play Magic Tiles Games|2018-06-23|Version 1.34.2 
Piano - Play Magic Tiles Games|2018-05-22|Version 1.34.1 
Piano - Play Magic Tiles Games|2018-04-29|Version 1.34 
Piano - Play Magic Tiles Games|2018-01-22|Version 1.33 
Piano - Play Magic Tiles Games|2018-01-11|Version 1.32.1 
Piano - Play Magic Tiles Games|2017-12-23|Version 1.31 
Piano - Play Magic Tiles Games|2017-11-09|Version 1.29.3 
Piano - Play Magic Tiles Games|2017-10-26|Version 1.29.1 
Piano - Play Magic Tiles Games|2017-10-24|Version 1.29 
Piano - Play Magic Tiles Games|2017-10-06|Version 1.28 
Piano - Play Magic Tiles Games|2017-09-06|Version 1.27 
Piano - Play Magic Tiles Games|2017-08-09|Version 1.26 
Piano Free - Keyboard with Magic Tiles Music Games|2018-06-29|Version 1.35.2 
Piano Free - Keyboard with Magic Tiles Music Games|2018-06-26|Version 1.35.1 
Piano Free - Keyboard with Magic Tiles Music Games|2018-06-18|Version 1.35.1 
Piano Free - Keyboard with Magic Tiles Music Games|2018-06-15|Version 1.35 
Piano Free - Keyboard with Magic Tiles Music Games|2018-06-12|Version 1.35 
Piano Free - Keyboard with Magic Tiles Music Games|2018-06-08|Version 1.34.6 
Piano Free - Keyboard with Magic Tiles Music Games|2018-04-24|Version 1.34.6 
Piano Free - Keyboard with Magic Tiles Music Games|2018-04-20|Version 2018.04.20 
Piano Free - Keyboard with Magic Tiles Music Games|2018-04-18|Version 2018.04.18 
Piano Free - Keyboard with Magic Tiles Music Games|2018-03-29|Version 2018.03.29 
Piano Free - Keyboard with Magic Tiles Music Games|2018-03-21|Version 2018.03.21 
Piano Free - Keyboard with Magic Tiles Music Games|2018-03-18|Version 2018.03.18 
Piano Free - Keyboard with Magic Tiles Music Games|2018-03-16|Version 2018.03.16 
Piano Free - Keyboard with Magic Tiles Music Games|2018-03-13|Version 2018.03.13 
Piano Free - Keyboard with Magic Tiles Music Games|2018-03-09|Version 2018.03.09 
Piano Free - Keyboard with Magic Tiles Music Games|2018-03-07|Version 2018.03.07 
Piano Free - Keyboard with Magic Tiles Music Games|2018-02-27|Version 2018.02.27 
Piano Free - Keyboard with Magic Tiles Music Games|2018-02-20|Version 2018.02.20 
Piano Free - Keyboard with Magic Tiles Music Games|2018-01-30|Version 2018.01.30 
Piano Free - Keyboard with Magic Tiles Music Games|2018-01-26|Version 2018.01.26 
Piano Free - Keyboard with Magic Tiles Music Games|2018-01-25|Version 2018.01.25 
Piano Free - Keyboard with Magic Tiles Music Games|2018-01-20|Version 2018.01.20 
Piano Free - Keyboard with Magic Tiles Music Games|2018-01-03|Version 2018.01.03 
Piano Free - Keyboard with Magic Tiles Music Games|2017-12-26|Version 2017.12.26 
Piano Free - Keyboard with Magic Tiles Music Games|2017-12-19|Version 1.31 
Piano Free - Keyboard with Magic Tiles Music Games|2017-12-18|Version 1.31 
Piano Free - Keyboard with Magic Tiles Music Games|2017-12-16|Version 1.31 
Piano Free - Keyboard with Magic Tiles Music Games|2017-12-15|Version 1.31 
Piano Free - Keyboard with Magic Tiles Music Games|2017-12-13|Version 1.30 
Piano Free - Keyboard with Magic Tiles Music Games|2017-12-06|Version 1.30 
Piano Free - Keyboard with Magic Tiles Music Games|2017-12-05|Version 1.28 
Piano Free - Keyboard with Magic Tiles Music Games|2017-11-28|Version 1.28 
Piano Free - Keyboard with Magic Tiles Music Games|2017-11-24|Version 1.28 
Piano Free - Keyboard with Magic Tiles Music Games|2017-11-08|Version 1.28 
Piano Free - Keyboard with Magic Tiles Music Games|2017-11-04|Version 1.27 
Piano Free - Keyboard with Magic Tiles Music Games|2017-10-23|Version 1.27 
Piano Free - Keyboard with Magic Tiles Music Games|2017-10-18|Version 1.26 
Piano Free - Keyboard with Magic Tiles Music Games|2017-09-26|Version 1.26 
Piano Free - Keyboard with Magic Tiles Music Games|2017-09-20|Version 1.25 
Piano Free - Keyboard with Magic Tiles Music Games|2017-08-31|Version 1.25 
Piano Free - Keyboard with Magic Tiles Music Games|2017-07-20|Version 1.24 
Piano Free - Keyboard with Magic Tiles Music Games|2017-07-14|Version 1.23 
Real Guitar Free - Chords, Tabs & Simulator Games|2018-06-06|Version 2018.06.06 
Real Guitar Free - Chords, Tabs & Simulator Games|2018-06-03|Version 2018.06.03 
Real Guitar Free - Chords, Tabs & Simulator Games|2018-03-01|Version 2018.03.01 
Real Guitar Free - Chords, Tabs & Simulator Games|2018-02-28|Version 2018.02.28 
Real Guitar Free - Chords, Tabs & Simulator Games|2018-01-07|Version 2018.01.07 
Real Guitar Free - Chords, Tabs & Simulator Games|2018-01-05|Version 2018.01.05 
Real Guitar Free - Chords, Tabs & Simulator Games|2017-12-27|Version 2017.12.27 
Real Guitar Free - Chords, Tabs & Simulator Games|2017-12-06|Version 2017.12.06 
Real Guitar Free - Chords, Tabs & Simulator Games|2017-12-04|Version 2017.12.04 
Real Guitar Free - Chords, Tabs & Simulator Games|2017-08-29|Version 2017.08.29 
Real Guitar Free - Chords, Tabs & Simulator Games|2017-08-25|Version 2017.08.25 
Real Guitar Free - Chords, Tabs & Simulator Games|2017-08-23|Version 2017.08.23 
Real Guitar Free - Chords, Tabs & Simulator Games|2017-07-21|Version 2017.07.21 
Real Metronome for Guitar, Drums & Piano for Free|2017-10-31|Version 1.7.1 
Real Metronome for Guitar, Drums & Piano for Free|2017-07-12|Version 1.7.0 
Ukulele - Play Chords on Uke|2018-03-28|Version 2.1 
Ukulele - Play Chords on Uke|2018-03-14|Version 1.15 
Ukulele - Play Chords on Uke|2017-10-07|Version 1.14 
WeDrum - Drums, Drum Pad Games|2018-06-06|Version 3.7.1 
WeDrum - Drums, Drum Pad Games|2018-06-01|Version 3.7 
WeDrum - Drums, Drum Pad Games|2018-04-01|Version 3.6.1 
WeDrum - Drums, Drum Pad Games|2018-03-25|Version 3.6 
WeDrum - Drums, Drum Pad Games|2018-03-01|Version 3.5 
WeDrum - Drums, Drum Pad Games|2018-02-22|Version 3.4 
WeDrum - Drums, Drum Pad Games|2017-11-30|Version 3.2 
WeDrum - Drums, Drum Pad Games|2017-11-18|Version 3.1 
WeDrum - Drums, Drum Pad Games|2017-10-28|Version 3.0.2 
WeDrum - Drums, Drum Pad Games|2017-10-27|Version 3.0.1 
WeDrum - Drums, Drum Pad Games|2017-10-02|Version 2.9 
WeDrum: Drum Set Music Games & Drums Kit Simulator|2018-07-27|Version 3.3.0 
WeDrum: Drum Set Music Games & Drums Kit Simulator|2018-07-25|Version 3.2.4 
WeDrum: Drum Set Music Games & Drums Kit Simulator|2018-07-12|Version 3.2.4 
WeDrum: Drum Set Music Games & Drums Kit Simulator|2018-05-10|Version 3.2.4 
WeDrum: Drum Set Music Games & Drums Kit Simulator|2018-05-08|Version 3.2.3 
WeDrum: Drum Set Music Games & Drums Kit Simulator|2018-05-04|Version 3.2.3 
WeDrum: Drum Set Music Games & Drums Kit Simulator|2018-04-30|Version 3.2.3 
WeDrum: Drum Set Music Games & Drums Kit Simulator|2018-04-28|Version 3.2.2 
WeDrum: Drum Set Music Games & Drums Kit Simulator|2018-04-27|Version 3.2.2 
WeDrum: Drum Set Music Games & Drums Kit Simulator|2018-03-30|Version 3.2.2 
WeDrum: Drum Set Music Games & Drums Kit Simulator|2018-03-29|Version 3.2.2 
WeDrum: Drum Set Music Games & Drums Kit Simulator|2018-03-28|Version 3.2.1 
WeDrum: Drum Set Music Games & Drums Kit Simulator|2018-03-19|Version 3.2.1 
WeDrum: Drum Set Music Games & Drums Kit Simulator|2018-03-14|Version 3.2.0 
WeDrum: Drum Set Music Games & Drums Kit Simulator|2018-03-01|Version 3.2.0 
WeDrum: Drum Set Music Games & Drums Kit Simulator|2018-02-26|Version 3.1.6 
WeDrum: Drum Set Music Games & Drums Kit Simulator|2018-01-28|Version 3.1.6 
WeDrum: Drum Set Music Games & Drums Kit Simulator|2018-01-26|Version 3.1.4 
WeDrum: Drum Set Music Games & Drums Kit Simulator|2018-01-24|Version 3.1.4 
WeDrum: Drum Set Music Games & Drums Kit Simulator|2017-12-25|Version 3.1.4 
WeDrum: Drum Set Music Games & Drums Kit Simulator|2017-12-22|Version 3.1.3 
WeDrum: Drum Set Music Games & Drums Kit Simulator|2017-12-20|Version 3.1.3 
WeDrum: Drum Set Music Games & Drums Kit Simulator|2017-12-19|Version 3.1.2 
WeDrum: Drum Set Music Games & Drums Kit Simulator|2017-12-15|Version 3.1.2 
WeDrum: Drum Set Music Games & Drums Kit Simulator|2017-11-27|Version 3.1.2 
WeDrum: Drum Set Music Games & Drums Kit Simulator|2017-11-25|Version 3.1.1 
WeDrum: Drum Set Music Games & Drums Kit Simulator|2017-11-24|Version 3.1.0 
WeDrum: Drum Set Music Games & Drums Kit Simulator|2017-11-23|Version 3.1.0 
WeDrum: Drum Set Music Games & Drums Kit Simulator|2017-11-17|Version 3.0.3 
WeDrum: Drum Set Music Games & Drums Kit Simulator|2017-11-16|Version 3.0.3 
WeDrum: Drum Set Music Games & Drums Kit Simulator|2017-10-26|Version 3.0.1 
WeDrum: Drum Set Music Games & Drums Kit Simulator|2017-10-24|Version 2.3.3 
WeDrum: Drum Set Music Games & Drums Kit Simulator|2017-10-03|Version 2.3.3 
Xylophone, Glockenspiel and Marimba for Free|2018-04-18|Version 1.6 
Xylophone, Glockenspiel and Marimba for Free|2018-04-13|Version 1.6 
Xylophone, Glockenspiel and Marimba for Free|2018-04-09|Version 1.4.1 
Xylophone, Glockenspiel and Marimba for Free|2017-11-29|Version 1.4.1 
Xylophone, Glockenspiel and Marimba for Free|2017-11-28|Version 1.3.1 
Xylophone, Glockenspiel and Marimba for Free|2017-11-20|Version 1.3.1 
Xylophone: Marimba, Vibraphone|2018-01-23|Version 1.4.2 
Xylophone: Marimba, Vibraphone|2017-12-28|Version 1.4.1 
Xylophone: Marimba, Vibraphone|2017-10-05|Version 1.4 
